Type,Name,Request Count,Failure Count,Median Response Time,Average Response Time,Min Response Time,Max Response Time,Average Content Size,Requests/s,Failures/s,50%,66%,75%,80%,90%,95%,98%,99%,99.9%,99.99%,100%
GET,/numerical_integral/0/3.14159/100000,219,219,2020.0803000479937,2044.135537009142,2020.0803000479937,2094.290299806744,207.0,1.228208594362027,1.228208594362027,2000,2000,2100,2100,2100,2100,2100,2100,2100,2100,2100
,Aggregated,219,219,2020.0803000479937,2044.135537009142,2020.0803000479937,2094.290299806744,207.0,1.228208594362027,1.228208594362027,2000,2000,2100,2100,2100,2100,2100,2100,2100,2100,2100
